<widgets backgroundType="gradient" backgroundData="10027008,0" wsdl="http://localhost:8080/ScadaBR/wsdl/API.wsdl">
  <group id="group1" name="Grupo 1" refresh="100" url="http://localhost:8080/ScadaBR/services/API" username="admin" password="admin">
    <widget>
      <id>thermometer1</id>
      <tag>TemperaturaAmbiente</tag>
      <type>thermometer</type>
      <positionx>84</positionx>
      <positiony>146</positiony>
      <width>100</width>
      <height>240</height>
      <minimum>0</minimum>
      <maximum>100</maximum>
      <interval>5</interval>
      <precision>2</precision>
      <textColor>0</textColor>
      <tickColor>16777215</tickColor>
      <barColor>153</barColor>
      <backgroundColor>10066329</backgroundColor>
    </widget>
    <widget>
      <id>gauge1</id>
      <tag>VariacaoRapida</tag>
      <type>gauge</type>
      <positionx>303</positionx>
      <positiony>68</positiony>
      <size>150</size>
      <minimum>0</minimum>
      <maximum>100</maximum>
      <precision>2</precision>
      <showAlerts>false</showAlerts>
      <textColor>0</textColor>
      <tickColor>255</tickColor>
      <pointerColor>10027008</pointerColor>
      <borderColor>3355443</borderColor>
      <backgroundColor>10066329</backgroundColor>
    </widget>
    <widget>
      <id>image1</id>
      <tag>VariacaoLenta</tag>
      <type>image</type>
      <positionx>847</positionx>
      <positiony>278</positiony>
      <source>C:/Users/User/AppData/Roaming/main/Local Store/image1.png</source>
    </widget>
  </group>
  <group id="group2" name="Grupo 2" refresh="1000" url="http://localhost:8080/ScadaBR/services/API" username="admin" password="admin">
    <widget>
      <id>text1</id>
      <tag>VariacaoRapida</tag>
      <type>readText</type>
      <positionx>727</positionx>
      <positiony>82</positiony>
      <width>150</width>
      <height>50</height>
      <font>Times New Roman</font>
      <fontSize>16</fontSize>
      <fontColor>0</fontColor>
      <backgroundColor>10066329</backgroundColor>
    </widget>
    <widget>
      <id>slider1</id>
      <tag>VariacaoLenta</tag>
      <type>slider</type>
      <positionx>290</positionx>
      <positiony>487</positiony>
      <size>250</size>
      <layout>horizontal</layout>
      <minimum>0</minimum>
      <maximum>100</maximum>
      <interval>5</interval>
      <precision>2</precision>
      <textColor>0</textColor>
      <tickColor>16777215</tickColor>
      <pointerColor>10027008</pointerColor>
      <barColor>255</barColor>
      <backgroundColor>10066329</backgroundColor>
    </widget>
    <widget>
      <id>button1</id>
      <tag>LigaDesliga</tag>
      <type>button</type>
      <positionx>528</positionx>
      <positiony>273</positiony>
      <width>150</width>
      <height>100</height>
      <text>Button</text>
      <textColor>0</textColor>
      <textRolloverColor>6684672</textRolloverColor>
      <backgroundColor>10066329</backgroundColor>
      <backgroundRolloverColor>13421772</backgroundRolloverColor>
    </widget>
  </group>
</widgets>